{
  "logisticWeights": [
    0.3617522717946915,
    0.7384039922262228,
    0.21762701922147518,
    0.416987940165736,
    0.36179624507591535,
    -0.41358701732775005,
    -0.277341568270287,
    0.09383148563484475,
    0.24024798811728323
  ],
  "poissonHomeWeights": [
    1.279002531563072,
    0.13663715597050066,
    -0.10712877881423531,
    0.10667534740599267,
    0.04014666304072425,
    -0.09327989207320228,
    -0.1464473056749641,
    -0.06893735979819855,
    -0.061484682415443456
  ],
  "poissonAwayWeights": [
    0.8874358127240289,
    -0.28624766528950507,
    -0.04960578630809182,
    -0.2164023728495416,
    -0.08255176739044391,
    0.03373183133277187,
    -0.00018134220027303215,
    0.029954520040297992,
    0.02458474624781844
  ]
}