{
  "logisticWeights": [
    -0.00006273912682048025,
    0.0018167823361777513,
    -0.008533523946881907,
    -0.0023027360506222027,
    -0.00033392798639305266,
    -0.0062636308931408495,
    -0.01733689054960704,
    0.00799281730813974,
    0.006820918766470282,
    -0.0039371438514256875,
    0.00022923689017217454
  ],
  "poissonHomeWeights": [
    -0.0016748388294664214,
    0.0013737888191910168,
    -0.009127778513353621,
    -0.0032509497201289993,
    0.00027520473846223155,
    -0.05017550573580987,
    -0.05309730917891456,
    -0.038844296367492204,
    -0.03981813322945543,
    -0.1561001837643199,
    -0.1534046250255211
  ],
  "poissonAwayWeights": [
    0.00017079328945821277,
    -0.0029538172028834068,
    0.008858698132017326,
    0.0009753546695286403,
    0.002242499192681957,
    0.013602911401591209,
    0.00714701022547506,
    0.00035919881533253914,
    -0.0004592491723658526,
    0.015185920347656895,
    0.013560351975611111
  ]
}