{
  "logisticWeights": [
    -0.000020540465881998672,
    0.006418362260376501,
    0.0008490418203254302,
    -0.00047983870807381086,
    -0.006857760742096577,
    -0.006056283430228099,
    -0.006222326604078042,
    -0.0022605465941557493,
    -0.013600344970001402,
    0.005166143991780284,
    -0.0037208272311806227
  ],
  "poissonHomeWeights": [
    -0.005431686345385972,
    -0.0033486781190685674,
    -0.04362723586225297,
    -0.006784536710246206,
    -0.009122084131838333,
    -0.16799920053495773,
    -0.16907879534195852,
    -0.12486080644516048,
    -0.12179676271745737,
    -0.5060285621800124,
    -0.5010454269642288
  ],
  "poissonAwayWeights": [
    -0.0016357426410307347,
    -0.0044125944231391545,
    -0.007369556579127195,
    -0.001973982314253813,
    -0.0020186137445670897,
    -0.04654981597809485,
    -0.05507522975033805,
    -0.03651632992879049,
    -0.032153841531450636,
    -0.15712497055964486,
    -0.14690233630346056
  ]
}