{
  "logisticWeights": [
    0.011549927382160282,
    0.011549927382160282,
    0.0034651417085802758,
    0.012205993605564736,
    0.01799496150047217,
    0.0027731582282368075,
    0.04168442056649163,
    -0.0012066928938482332,
    0.019786485666811852,
    0.027019945112063973
  ],
  "poissonHomeWeights": [
    0.04293911837676121,
    0.04293911837676121,
    0.0015818198029860819,
    0.0063087279659709405,
    0.039957816643220415,
    0.018824159778522014,
    0.1047722046633783,
    0.059154647250833935,
    0.08386508990143922,
    0.08026647335804138
  ],
  "poissonAwayWeights": [
    0.03072932558303438,
    0.03072932558303438,
    0.004563748134361107,
    -0.0012057230642259452,
    0.013693215081279944,
    0.0296194617476542,
    0.04343333909914336,
    0.0895236679206078,
    0.046586433990894724,
    0.0616863748160821
  ]
}